word,phonetic,pos,meaning,example,synonyms,derivatives
abundant,/əˈbʌndənt/,adj.,丰富的；充裕的,The region has abundant natural resources.,plentiful; ample,abundance
accelerate,/əkˈseləreɪt/,v.,加速；促进,The car accelerated to overtake.,speed up; hasten,acceleration
acknowledge,/əkˈnɒlɪdʒ/,v.,承认；确认,He acknowledged his mistake publicly.,admit; confess,acknowledgement
adequate,/ˈædɪkwət/,adj.,足够的；适当的,The food supply is adequate for the week.,sufficient; enough,adequacy
ambiguous,/æmˈbɪɡjuəs/,adj.,模糊的；歧义的,The contract terms were ambiguous.,vague; unclear,ambiguity
analogy,/əˈnælədʒi/,n.,类比；类推,He drew an analogy between the heart and a pump.,comparison; parallel,
anticipate,/ænˈtɪsɪpeɪt/,v.,预期；期待,We anticipate strong demand next year.,expect; foresee,anticipation
arbitrary,/ˈɑːbɪtrəri/,adj.,任意的；武断的,The decision seemed arbitrary.,random; capricious,arbitrarily
assemble,/əˈsembl/,v.,集合；组装,The workers assemble cars on the line.,gather; build,assembly
assess,/əˈses/,v.,评估；估价,We need to assess the risks.,evaluate; judge,assessment
attribute,/əˈtrɪbjuːt/,v.,把…归因到,She attributes her success to hard work.,ascribe; credit,
authentic,/ɔːˈθentɪk/,adj.,真实的；正宗的,The painting is authentic.,genuine; real,authenticity
benevolent,/bəˈnevələnt/,adj.,仁慈的；慈善的,He is a benevolent old man.,kind; charitable,benevolence
coherent,/kəʊˈhɪərənt/,adj.,连贯的；条理清楚的,She gave a coherent argument.,logical; consistent,coherence
commence,/kəˈmens/,v.,开始；着手,The meeting commenced at nine.,begin; start,commencement
compatible,/kəmˈpætəbl/,adj.,兼容的；合得来的,The software is compatible with Mac.,consistent; suited,compatibility
compensate,/ˈkɒmpenseɪt/,v.,补偿；赔偿,The company compensated him.,reimburse; repay,compensation
compile,/kəmˈpaɪl/,v.,编译；编纂,She compiled a list of names.,collect; assemble,compilation
complement,/ˈkɒmplɪmənt/,v.,补充；与…相配,The wine complements the dish.,supplement; complete,
comprehensive,/ˌkɒmprɪˈhensɪv/,adj.,全面的；综合的,We need a comprehensive review.,thorough; extensive,comprehend
conceive,/kənˈsiːv/,v.,构想；设想,He conceived a brilliant plan.,imagine; devise,conception
confront,/kənˈfrʌnt/,v.,面对；对抗,We must confront the problem directly.,face; encounter,confrontation
conserve,/kənˈsɜːv/,v.,保护；节约,We should conserve water.,preserve; save,conservation
contemplate,/ˈkɒntəmpleɪt/,v.,沉思；深思,She contemplated her future.,consider; ponder,contemplation
controversy,/ˈkɒntrəvɜːsi/,n.,争议；争论,The law caused controversy.,debate; dispute,controversial
crucial,/ˈkruːʃl/,adj.,至关重要的,This step is crucial to success.,critical; vital,crucially
deduce,/dɪˈdjuːs/,v.,推断；演绎,We can deduce the cause from evidence.,infer; conclude,deduction
deliberate,/dɪˈlɪbərət/,adj.,故意的；深思熟虑的,Her excuse was a deliberate lie.,intentional; careful,deliberately
diminish,/dɪˈmɪnɪʃ/,v.,减少；缩小,The pain gradually diminished.,decrease; reduce,diminishing
eliminate,/ɪˈlɪmɪneɪt/,v.,消除；淘汰,We eliminated the error.,remove; eradicate,elimination
empirical,/ɪmˈpɪrɪkl/,adj.,经验主义的；实证的,The theory is empirically verified.,observed; experimental,empirically
enhance,/ɪnˈhɑːns/,v.,提高；增强,This will enhance our reputation.,improve; boost,enhancement
explicit,/ɪkˈsplɪsɪt/,adj.,明确的；清楚的,He gave explicit instructions.,clear; definite,explicitly
fluctuate,/ˈflʌktʃueɪt/,v.,波动；起伏,Prices fluctuate daily.,vary; waver,fluctuation
hypothesis,/haɪˈpɒθəsɪs/,n.,假设；假说,We tested the hypothesis.,theory; assumption,hypothetical
inevitable,/ɪnˈevɪtəbl/,adj.,不可避免的,Change is inevitable.,unavoidable,inevitably
integrate,/ˈɪntɪɡreɪt/,v.,整合；融合,We should integrate theory with practice.,combine; merge,integration
justify,/ˈdʒʌstɪfaɪ/,v.,证明…正当,How can you justify this decision?,defend; explain,justification
manifest,/ˈmænɪfest/,v.,显示；表明,The symptoms manifest quickly.,show; reveal,manifestation
negligible,/ˈneɡlɪdʒəbl/,adj.,可忽略的,The cost is negligible.,trivial; insignificant,
paradigm,/ˈpærədaɪm/,n.,范式；典范,This represents a new paradigm.,model; pattern,
prestige,/preˈstiːʒ/,n.,声望；威望,The university has great prestige.,reputation; honor,prestigious
rigorous,/ˈrɪɡərəs/,adj.,严格的；严谨的,We need rigorous testing.,strict; thorough,rigorously
simulate,/ˈsɪmjuleɪt/,v.,模拟；仿真,The software simulates flying.,imitate; reproduce,simulation
tangible,/ˈtændʒəbl/,adj.,有形的；切实的,We need tangible evidence.,real; concrete,tangibly
